"","FTHG","Freq"
"1","0",0.232456140350877
"2","1",0.32719298245614
"3","2",0.266666666666667
"4","3",0.112280701754386
"5","4",0.0350877192982456
"6","5",0.0192982456140351
"7","6",0.00526315789473684
"8","7",0.00087719298245614
"9","8",0.00087719298245614
